Citation_ID,Claim_Sentence,Source_Reference
1,"DOX intercalates between DNA base pairs, disrupting the helical structure and impeding the progression of essential replication and transcription processes [1].","Pommier, Y., et al. (2010). DNA Topoisomerases and Their Poisoning by Anticancer and Antibacterial Drugs. *Chemical Biology*, 17(5), 421-433. https://doi.org/10.1016/j.chembiol.2010.04.012"
1,"Concurrently, DOX stabilizes the topoisomerase II-DNA complex, preventing the relegation of DNA strands and resulting in double-strand breaks that trigger apoptosis in rapidly dividing cancer cells [1].","Pommier, Y., et al. (2010). DNA Topoisomerases and Their Poisoning by Anticancer and Antibacterial Drugs. *Chemical Biology*, 17(5), 421-433. https://doi.org/10.1016/j.chembiol.2010.04.012"
2,"This oxidative stress is exacerbated by the relative paucity of antioxidant defenses in cardiac tissue, rendering the myocardium particularly susceptible to ROS-induced injury [2].","Rodrı́guez, C., et al. (2003). Regulation of antioxidant enzymes: a significant role for melatonin. *Journal of Pineal Research*, 35(1), 1-9. https://doi.org/10.1046/j.1600-079x.2003.00092.x"
3,"This iron-mediated oxidative stress impairs mitochondrial bioenergetics, leading to the opening of the mitochondrial permeability transition pore, loss of membrane potential, and eventual cardiomyocyte apoptosis [3].","Zamorano, J. L., et al. (2016). 2016 ESC Position Paper on cancer treatments and cardiovascular toxicity developed under the auspices of the ESC Committee for Practice Guidelines. *European Heart Journal*, 37(36), 2768-2801. https://doi.org/10.1093/eurheartj/ehw211"
4,"Advances in nanocarrier systems, such as those explored by Mitchell [4] and Patra [5], hold promise in enhancing the targeted delivery of DOX to tumor sites, thereby reducing systemic exposure and minimizing cardiotoxic risk.","Mitchell, M. J., et al. (2020). Engineering precision nanoparticles for drug delivery. *Nature Reviews Drug Discovery*, 19(2), 101-124. https://doi.org/10.1038/s41573-020-0090-8"
5,"Advances in nanocarrier systems, such as those explored by Mitchell [4] and Patra [5], hold promise in enhancing the targeted delivery of DOX to tumor sites, thereby reducing systemic exposure and minimizing cardiotoxic risk.","Patra, J. K., et al. (2018). Nano based drug delivery systems: recent developments and future prospects. *Journal of Nanobiotechnology*, 16(1), 71. https://doi.org/10.1186/s12951-018-0392-8"
6,"This fibrous tissue can act as a physical barrier, impeding the penetration of nanoparticles into the tumor core [6].","Shi, J., et al. (2016). Cancer nanomedicine: progress, challenges and opportunities. *Nature Reviews Cancer*, 16(5), 361-373. https://doi.org/10.1038/nrc.2016.108"
7,"Additionally, elevated interstitial fluid pressure within tumors can further hinder the extravasation and distribution of nanoparticles, as the pressure gradient necessary for passive diffusion is diminished [7].","Wilhelm, S., et al. (2016). Analysis of nanoparticle delivery to tumours. *Nature Reviews Materials*, 1(5), 16014. https://doi.org/10.1038/natrevmats.2016.14"
4,"Nanoparticles with a hydrodynamic size less than 10 nm are rapidly cleared by the renal system, reducing their accumulation in tumor tissues [4].","Mitchell, M. J., et al. (2020). Engineering precision nanoparticles for drug delivery. *Nature Reviews Drug Discovery*, 19(2), 101-124. https://doi.org/10.1038/s41573-020-0090-8"
8,"Conversely, nanoparticles larger than 200 nm are prone to sequestration by the reticuloendothelial system (RES) and macrophages, leading to rapid clearance from circulation and reduced tumor targeting [8].","Chen, Y., et al. (2023). Macrophages in immunoregulation and therapeutics. *Signal Transduction and Targeted Therapy*, 8(1), 52. https://doi.org/10.1038/s41392-023-01452-1"
9,"Pegylation of liposomal doxorubicin enhances its circulation time by providing a steric barrier that reduces opsonization and subsequent RES uptake, thus optimizing the balance between renal clearance and macrophage sequestration [9].","Hou, X., et al. (2021). Lipid nanoparticles for mRNA delivery. *Nature Reviews Materials*, 6(12), 1078-1094. https://doi.org/10.1038/s41578-021-00358-0"
10,"A near-neutral or slightly negative zeta potential is often preferred to minimize non-specific interactions with serum proteins and cellular membranes, which can lead to rapid clearance or off-target effects [10].","Danaei, M., et al. (2018). Impact of Particle Size and Polydispersity Index on the Clinical Applications of Lipidic Nanocarrier Systems. *Pharmaceutics*, 10(2), 57. https://doi.org/10.3390/pharmaceutics10020057"
5,"Advanced strategies, including the use of stimuli-responsive materials and active targeting ligands, are being explored to enhance the penetration and retention of nanoparticles in tumors with challenging microenvironments [5].","Patra, J. K., et al. (2018). Nano based drug delivery systems: recent developments and future prospects. *Journal of Nanobiotechnology*, 16(1), 71. https://doi.org/10.1186/s12951-018-0392-8"
11,"This overfitting results in models that perform well on training data but fail to predict accurately in real-world scenarios, where the biological variability is far greater [11].","Abdar, M., et al. (2021). A review of uncertainty quantification in deep learning: Techniques, applications and challenges. *Information Fusion*, 76, 243-297. https://doi.org/10.1016/j.inffus.2021.05.008"
10,"The zeta potential of these nanocarriers spans from -70 mV to +50 mV, indicating a wide range of surface charges that could influence cellular uptake and biodistribution [10].","Danaei, M., et al. (2018). Impact of Particle Size and Polydispersity Index on the Clinical Applications of Lipidic Nanocarrier Systems. *Pharmaceutics*, 10(2), 57. https://doi.org/10.3390/pharmaceutics10020057"
7,"The distribution of carrier dimensions is critical, as it directly impacts the cellular internalization and therapeutic efficacy of the nanocarriers [7].","Wilhelm, S., et al. (2016). Analysis of nanoparticle delivery to tumours. *Nature Reviews Materials*, 1(5), 16014. https://doi.org/10.1038/natrevmats.2016.14"
6,"The size distribution is notably consistent across the different cell lines, suggesting that the formulations maintain their structural integrity and size uniformity, which are crucial for predictable pharmacokinetics and biodistribution [6].","Shi, J., et al. (2016). Cancer nanomedicine: progress, challenges and opportunities. *Nature Reviews Cancer*, 16(5), 361-373. https://doi.org/10.1038/nrc.2016.108"
4,"This suggests that factors other than LE may significantly influence EE, such as the physicochemical interactions between the drug and the carrier matrix [4].","Mitchell, M. J., et al. (2020). Engineering precision nanoparticles for drug delivery. *Nature Reviews Drug Discovery*, 19(2), 101-124. https://doi.org/10.1038/s41573-020-0090-8"
12,"This constraint is crucial for ensuring the reliability and interpretability of the model outputs, aligning with the principles of explainable artificial intelligence [12].","Arrieta, A. B., et al. (2019). Explainable Artificial Intelligence (XAI): Concepts, taxonomies, opportunities and challenges toward responsible AI. *Information Fusion*, 58, 82-115. https://doi.org/10.1016/j.inffus.2019.12.012"
10,This aligns with existing literature that underscores the significance of surface charge in mediating cellular interactions and membrane integrity [10].,"Danaei, M., et al. (2018). Impact of Particle Size and Polydispersity Index on the Clinical Applications of Lipidic Nanocarrier Systems. *Pharmaceutics*, 10(2), 57. https://doi.org/10.3390/pharmaceutics10020057"
7,"The hydrodynamic size, conversely, emerges as the key determinant of tumor potency, consistent with the enhanced permeability and retention (EPR) effect, which is pivotal in nanoparticle delivery systems [7].","Wilhelm, S., et al. (2016). Analysis of nanoparticle delivery to tumours. *Nature Reviews Materials*, 1(5), 16014. https://doi.org/10.1038/natrevmats.2016.14"
6,"This size range is congruent with theoretical models predicting optimal trans-vascular pore extravasation and effective penetration through dense stromal barriers, which are critical for maximizing therapeutic efficacy in solid tumors [6].","Shi, J., et al. (2016). Cancer nanomedicine: progress, challenges and opportunities. *Nature Reviews Cancer*, 16(5), 361-373. https://doi.org/10.1038/nrc.2016.108"
4,"The observed peak aligns with the hypothesis that nanoparticles within this size range can efficiently navigate the tumor microenvironment, optimizing drug delivery while minimizing off-target effects [4].","Mitchell, M. J., et al. (2020). Engineering precision nanoparticles for drug delivery. *Nature Reviews Drug Discovery*, 19(2), 101-124. https://doi.org/10.1038/s41573-020-0090-8"
10,"This finding is corroborated by studies demonstrating that nanoparticles with neutral surface charges exhibit reduced interactions with non-target cells, thereby minimizing cytotoxicity [10].","Danaei, M., et al. (2018). Impact of Particle Size and Polydispersity Index on the Clinical Applications of Lipidic Nanocarrier Systems. *Pharmaceutics*, 10(2), 57. https://doi.org/10.3390/pharmaceutics10020057"
13,"This is attributed to the propensity of highly charged nanoparticles to disrupt cell membranes, a mechanism well-documented in the context of antimicrobial peptides and nanoparticle-cell interactions [13].","Fjell, C. D., et al. (2011). Designing antimicrobial peptides: form follows function. *Nature Reviews Drug Discovery*, 11(1), 37-51. https://doi.org/10.1038/nrd3591"
12,"The insights gleaned from this analysis underscore the potential of leveraging explainable artificial intelligence (XAI) methodologies to advance the field of cancer nanomedicine, offering a pathway toward more effective and safer therapeutic interventions [12].","Arrieta, A. B., et al. (2019). Explainable Artificial Intelligence (XAI): Concepts, taxonomies, opportunities and challenges toward responsible AI. *Information Fusion*, 58, 82-115. https://doi.org/10.1016/j.inffus.2019.12.012"
7,"This size range is consistent with the enhanced permeability and retention (EPR) effect, which facilitates preferential accumulation in tumor tissues [7].","Wilhelm, S., et al. (2016). Analysis of nanoparticle delivery to tumours. *Nature Reviews Materials*, 1(5), 16014. https://doi.org/10.1038/natrevmats.2016.14"
10,"5c), which is crucial for minimizing opsonization and subsequent clearance by the mononuclear phagocyte system [10].","Danaei, M., et al. (2018). Impact of Particle Size and Polydispersity Index on the Clinical Applications of Lipidic Nanocarrier Systems. *Pharmaceutics*, 10(2), 57. https://doi.org/10.3390/pharmaceutics10020057"
6,"This size range is particularly significant when considering the Enhanced Permeability and Retention (EPR) effect, which has traditionally been the cornerstone of passive targeting strategies in cancer nanomedicine [6].","Shi, J., et al. (2016). Cancer nanomedicine: progress, challenges and opportunities. *Nature Reviews Cancer*, 16(5), 361-373. https://doi.org/10.1038/nrc.2016.108"
4,"However, the efficacy of this mechanism is highly dependent on the size and surface characteristics of the nanoparticles [4].","Mitchell, M. J., et al. (2020). Engineering precision nanoparticles for drug delivery. *Nature Reviews Drug Discovery*, 19(2), 101-124. https://doi.org/10.1038/s41573-020-0090-8"
14,"This active process involves the transport of nanoparticles across endothelial cells via vesicles, which can be more effective in penetrating dense tumor stroma [14].","Rosenblum, D., et al. (2018). Progress and challenges towards targeted delivery of cancer therapeutics. *Nature Communications*, 9(1), 1410. https://doi.org/10.1038/s41467-018-03705-y"
10,"The PINN-optimized nanoparticles, with their smaller size and neutral charge, are better suited for this active transport mechanism, as they can more easily navigate the complex tumor microenvironment and avoid sequestration by the mononuclear phagocyte system [10].","Danaei, M., et al. (2018). Impact of Particle Size and Polydispersity Index on the Clinical Applications of Lipidic Nanocarrier Systems. *Pharmaceutics*, 10(2), 57. https://doi.org/10.3390/pharmaceutics10020057"
15,These larger particles are more likely to be trapped in the extracellular matrix and are less efficient in exploiting both passive and active transport mechanisms [15].,"Bozzuto, G., et al. (2015). Liposomes as nanomedical devices. *International Journal of Nanomedicine*, 10, 975-999. https://doi.org/10.2147/ijn.s68861"
4,"A neutral surface charge minimizes the adsorption of plasma proteins, which can otherwise lead to opsonization and subsequent clearance by the liver and spleen [4].","Mitchell, M. J., et al. (2020). Engineering precision nanoparticles for drug delivery. *Nature Reviews Drug Discovery*, 19(2), 101-124. https://doi.org/10.1038/s41573-020-0090-8"
5,"This stealth characteristic enhances the circulation time of the nanoparticles, allowing for greater accumulation in tumor tissues via both passive and active mechanisms [5].","Patra, J. K., et al. (2018). Nano based drug delivery systems: recent developments and future prospects. *Journal of Nanobiotechnology*, 16(1), 71. https://doi.org/10.1186/s12951-018-0392-8"
15,The hydrodynamic size and zeta potential are critical for understanding the stability and cellular interaction of nanocarriers [15].,"Bozzuto, G., et al. (2015). Liposomes as nanomedical devices. *International Journal of Nanomedicine*, 10, 975-999. https://doi.org/10.2147/ijn.s68861"
5,Drug loading efficiency and encapsulation efficiency provide insights into the capacity of the nanocarrier to deliver therapeutic payloads effectively [5].,"Patra, J. K., et al. (2018). Nano based drug delivery systems: recent developments and future prospects. *Journal of Nanobiotechnology*, 16(1), 71. https://doi.org/10.1186/s12951-018-0392-8"
14,"The dual viability metrics were essential for evaluating the therapeutic window, balancing efficacy against tumor cells while minimizing toxicity to non-malignant cells [14].","Rosenblum, D., et al. (2018). Progress and challenges towards targeted delivery of cancer therapeutics. *Nature Communications*, 9(1), 1410. https://doi.org/10.1038/s41467-018-03705-y"
11,"Entries with missing values were addressed using median imputation, a robust method for handling sparse data that minimizes bias and preserves the distribution characteristics of the dataset [11].","Abdar, M., et al. (2021). A review of uncertainty quantification in deep learning: Techniques, applications and challenges. *Information Fusion*, 76, 243-297. https://doi.org/10.1016/j.inffus.2021.05.008"
16,"Each layer utilizes the LeakyReLU activation function, defined as \( f(x) = \max(0.01x, x) \), to introduce non-linearity while mitigating the vanishing gradient problem [16].","Alzubaidi, L., et al. (2021). Review of deep learning: concepts, CNN architectures, challenges, applications, future directions. *Journal of Big Data*, 8(1), 53. https://doi.org/10.1186/s40537-021-00444-8"
17,"To enhance the model's generalization capabilities, batch normalization is applied after each layer, normalizing the input to each layer to have zero mean and unit variance [17].","Shrestha, A., et al. (2019). Review of Deep Learning Algorithms and Architectures. *IEEE Access*, 7, 53040-53065. https://doi.org/10.1109/access.2019.2912200"
18,"Furthermore, a dropout rate of 0.15 is incorporated to prevent overfitting by randomly setting 15% of the neurons to zero during training [18].","Cuomo, S., et al. (2022). Scientific Machine Learning Through Physics–Informed Neural Networks: Where we are and What’s Next. *Journal of Scientific Computing*, 92(3), 88. https://doi.org/10.1007/s10915-022-01939-z"
19,"The dual-head design allows for the simultaneous optimization of both objectives, leveraging shared features while maintaining task-specific outputs [19].","Karniadakis, G. E., et al. (2021). Physics-informed machine learning. *Nature Reviews Physics*, 3(6), 422-440. https://doi.org/10.1038/s42254-021-00314-5"
20,"The DLVO colloidal stability penalty, \( L_{\text{DLVO}} \), is derived from the Derjaguin-Landau-Verwey-Overbeek theory, which models the interaction forces between charged particles in a colloidal system [20].","Salis, A., et al. (2014). Models and mechanisms of Hofmeister effects in electrolyte solutions, and colloid and protein systems revisited. *Chemical Society Reviews*, 43(21), 7521-7539. https://doi.org/10.1039/c4cs00144c"
15,"This term penalizes deviations from optimal electrostatic and van der Waals interactions, crucial for maintaining nanoparticle stability [15].","Bozzuto, G., et al. (2015). Liposomes as nanomedical devices. *International Journal of Nanomedicine*, 10, 975-999. https://doi.org/10.2147/ijn.s68861"
10,"The size-exclusion kinetics penalty, \( L_{\text{Size}} \), addresses the impact of nanoparticle size on biodistribution and clearance rates [10].","Danaei, M., et al. (2018). Impact of Particle Size and Polydispersity Index on the Clinical Applications of Lipidic Nanocarrier Systems. *Pharmaceutics*, 10(2), 57. https://doi.org/10.3390/pharmaceutics10020057"
18,"Hyperparameter tuning was conducted using the Adam optimizer with an initial learning rate of 0.005, modulated by cosine annealing to dynamically adjust the learning rate during training [18].","Cuomo, S., et al. (2022). Scientific Machine Learning Through Physics–Informed Neural Networks: Where we are and What’s Next. *Journal of Scientific Computing*, 92(3), 88. https://doi.org/10.1007/s10915-022-01939-z"
18,"These values quantify the contribution of each feature to the prediction outcomes across both heads of the neural network, providing insights into the relative importance and interaction of parameters in determining formulation efficacy and safety [18].","Cuomo, S., et al. (2022). Scientific Machine Learning Through Physics–Informed Neural Networks: Where we are and What’s Next. *Journal of Scientific Computing*, 92(3), 88. https://doi.org/10.1007/s10915-022-01939-z"
11,"Spearman rank correlation was employed to assess the monotonic relationships between parameters, ensuring that the model's predictions were not confounded by linear dependencies [11].","Abdar, M., et al. (2021). A review of uncertainty quantification in deep learning: Techniques, applications and challenges. *Information Fusion*, 76, 243-297. https://doi.org/10.1016/j.inffus.2021.05.008"
17,"VIF analysis was performed to detect multicollinearity among the input features, with a VIF value exceeding 10 indicating significant collinearity that could undermine the model's predictive accuracy [17].","Shrestha, A., et al. (2019). Review of Deep Learning Algorithms and Architectures. *IEEE Access*, 7, 53040-53065. https://doi.org/10.1109/access.2019.2912200"
